,MAE,RMSE,R2,CV_R2
Linear Regression,5749727.931207896,7280775.841828953,0.47955574558714764,0.4666377491997834
Random Forest,2753280.98160495,3685209.1188007086,0.8666653049578181,0.8798394738521544
Gradient Boosting,1807460.3150776972,2592931.400258225,0.9339913346391147,0.9328885580601151
